"","x"
"1","Northeastern Coastal Zone"
"2","Northeastern Coastal Zone"
"3","Northeastern Coastal Zone"
"4","Northeastern Coastal Zone"
"5","Northeastern Coastal Zone"
"6","Atlantic Coastal Pine Barrens"
"7","Atlantic Coastal Pine Barrens"
"8","Atlantic Coastal Pine Barrens"
"9","Atlantic Coastal Pine Barrens"
"10","Atlantic Coastal Pine Barrens"
"11","Atlantic Coastal Pine Barrens"
"12","Northeastern Coastal Zone"
"13","Northeastern Coastal Zone"
"14","Northeastern Coastal Zone"
"15","Northeastern Coastal Zone"
"16","Northeastern Coastal Zone"
"17","Northeastern Coastal Zone"
"18","Northeastern Coastal Zone"
"19","Northeastern Coastal Zone"
"20","Northeastern Coastal Zone"
"21","Northeastern Coastal Zone"
"22","Northeastern Coastal Zone"
"23","Northeastern Coastal Zone"
"24","Northeastern Coastal Zone"
"25","Atlantic Coastal Pine Barrens"
"26","Northeastern Coastal Zone"
"27","Northeastern Coastal Zone"
"28","Atlantic Coastal Pine Barrens"
"29","Atlantic Coastal Pine Barrens"
"30","Atlantic Coastal Pine Barrens"
"31","Atlantic Coastal Pine Barrens"
"32","Atlantic Coastal Pine Barrens"
"33","Atlantic Coastal Pine Barrens"
"34","Northeastern Coastal Zone"
"35","Atlantic Coastal Pine Barrens"
"36","Atlantic Coastal Pine Barrens"
"37","Atlantic Coastal Pine Barrens"
"38","Northeastern Coastal Zone"
"39","Northeastern Coastal Zone"
"40","Atlantic Coastal Pine Barrens"
"41","Northeastern Coastal Zone"
"42","Northeastern Coastal Zone"
"43","Northeastern Coastal Zone"
"44","Atlantic Coastal Pine Barrens"
"45","Atlantic Coastal Pine Barrens"
"46","Acadian Plains and Hills"
"47","Acadian Plains and Hills"
"48","Acadian Plains and Hills"
"49","Northeastern Coastal Zone"
"50","Acadian Plains and Hills"
"51","Acadian Plains and Hills"
"52","Acadian Plains and Hills"
"53","Acadian Plains and Hills"
"54","Acadian Plains and Hills"
"55","Northeastern Coastal Zone"
"56","Northeastern Coastal Zone"
"57","Atlantic Coastal Pine Barrens"
"58","Northeastern Coastal Zone"
"59","Atlantic Coastal Pine Barrens"
"60","Northeastern Coastal Zone"
"61","Northeastern Coastal Zone"
"62","Northeastern Coastal Zone"
"63","Atlantic Coastal Pine Barrens"
"64","Northeastern Coastal Zone"
"65","Atlantic Coastal Pine Barrens"
"66","Atlantic Coastal Pine Barrens"
"67","Northeastern Coastal Zone"
"68","Northeastern Coastal Zone"
"69","Northeastern Coastal Zone"
"70","Northeastern Coastal Zone"
"71","Northeastern Coastal Zone"
"72","Northeastern Coastal Zone"
"73","Acadian Plains and Hills"
"74","Acadian Plains and Hills"
"75","Acadian Plains and Hills"
"76","Acadian Plains and Hills"
"77","Acadian Plains and Hills"
"78","Acadian Plains and Hills"
"79","Acadian Plains and Hills"
"80","Acadian Plains and Hills"
"81","Northeastern Coastal Zone"
"82","Acadian Plains and Hills"
"83","Acadian Plains and Hills"
"84","Atlantic Coastal Pine Barrens"
"85","Acadian Plains and Hills"
"86","Acadian Plains and Hills"
"87","Acadian Plains and Hills"
"88","Atlantic Coastal Pine Barrens"
"89","Acadian Plains and Hills"
"90","Acadian Plains and Hills"
"91","Acadian Plains and Hills"
"92","Acadian Plains and Hills"
"93","Acadian Plains and Hills"
"94","Atlantic Coastal Pine Barrens"
"95","Atlantic Coastal Pine Barrens"
"96","Atlantic Coastal Pine Barrens"
"97","Acadian Plains and Hills"
"98","Atlantic Coastal Pine Barrens"
"99","Acadian Plains and Hills"
"100","Acadian Plains and Hills"
"101","Acadian Plains and Hills"
"102","Acadian Plains and Hills"
"103","Acadian Plains and Hills"
"104","Acadian Plains and Hills"
"105","Acadian Plains and Hills"
"106","Southern California/Northern Baja Coast"
"107","Southern California/Northern Baja Coast"
"108","Southern California/Northern Baja Coast"
"109","Southern California/Northern Baja Coast"
"110","Southern California/Northern Baja Coast"
"111","Southern California/Northern Baja Coast"
"112","Southern California/Northern Baja Coast"
"113","Southern California/Northern Baja Coast"
"114","Central California Foothills and Coastal Mountains"
"115","Southern California/Northern Baja Coast"
"116","Southern California/Northern Baja Coast"
"117","Southern California/Northern Baja Coast"
"118","Southern California/Northern Baja Coast"
"119","Southern California/Northern Baja Coast"
"120","Southern California/Northern Baja Coast"
"121","Middle Atlantic Coastal Plain"
"122","Middle Atlantic Coastal Plain"
"123","Middle Atlantic Coastal Plain"
"124","Middle Atlantic Coastal Plain"
"125","Middle Atlantic Coastal Plain"
"126","Middle Atlantic Coastal Plain"
"127","Middle Atlantic Coastal Plain"
"128","Middle Atlantic Coastal Plain"
"129","Middle Atlantic Coastal Plain"
"130","Middle Atlantic Coastal Plain"
"131","Middle Atlantic Coastal Plain"
"132","Middle Atlantic Coastal Plain"
"133","Middle Atlantic Coastal Plain"
"134","Middle Atlantic Coastal Plain"
"135","Middle Atlantic Coastal Plain"
"136","Middle Atlantic Coastal Plain"
"137","Middle Atlantic Coastal Plain"
"138","Middle Atlantic Coastal Plain"
"139","Middle Atlantic Coastal Plain"
"140","Middle Atlantic Coastal Plain"
"141","Middle Atlantic Coastal Plain"
"142","Middle Atlantic Coastal Plain"
"143","Middle Atlantic Coastal Plain"
"144","Middle Atlantic Coastal Plain"
"145","Middle Atlantic Coastal Plain"
"146","Middle Atlantic Coastal Plain"
"147","Middle Atlantic Coastal Plain"
"148","Middle Atlantic Coastal Plain"
"149","Middle Atlantic Coastal Plain"
"150","Middle Atlantic Coastal Plain"
"151","Southern Coastal Plain"
"152","Southern Coastal Plain"
"153","Southern Coastal Plain"
"154","Southern Coastal Plain"
"155","Southern Coastal Plain"
"156","Southern Coastal Plain"
"157","Southern Coastal Plain"
"158","Middle Atlantic Coastal Plain"
"159","Middle Atlantic Coastal Plain"
"160","Southern Coastal Plain"
"161","Southern Coastal Plain"
"162","Southern Coastal Plain"
"163","Southern Coastal Plain"
"164","Southern Coastal Plain"
"165","Southern Coastal Plain"
"166","Southern Coastal Plain"
"167","Southern Coastal Plain"
"168","Southern Coastal Plain"
"169","Southern Coastal Plain"
"170","Southern Coastal Plain"
"171","Southern Coastal Plain"
"172","Coast Range"
"173","Coast Range"
"174","Coast Range"
"175","Coast Range"
"176","Coast Range"
"177","Coast Range"
"178","Coast Range"
"179","Puget Lowland"
"180","Puget Lowland"
"181","Puget Lowland"
"182","Puget Lowland"
"183","Puget Lowland"
"184","Puget Lowland"
"185","Puget Lowland"
"186","Coast Range"
"187","Puget Lowland"
"188","Puget Lowland"
"189","Puget Lowland"
"190","Puget Lowland"
"191","Puget Lowland"
"192","Puget Lowland"
"193","Puget Lowland"
"194","Coast Range"
"195","Coast Range"
"196","Coast Range"
"197","Coast Range"
"198","Coast Range"
"199","Coast Range"
"200","Coast Range"
"201","Coast Range"
"202","Coast Range"
"203","Coast Range"
"204","Coast Range"
"205","Coast Range"
"206","Coast Range"
"207","Coast Range"
"208","Coast Range"
"209","Coast Range"
"210","Coast Range"
"211","Coast Range"
"212","Willamette Valley"
"213","Coast Range"
"214","Southern Coastal Plain"
"215","Southern Coastal Plain"
"216","Southern Coastal Plain"
"217","Southern Coastal Plain"
"218","Southern Coastal Plain"
"219","Southern Coastal Plain"
"220","Southern Coastal Plain"
"221","Southern Coastal Plain"
"222","Mississippi Alluvial Plain"
"223","Mississippi Alluvial Plain"
"224","Mississippi Alluvial Plain"
"225","Mississippi Alluvial Plain"
"226","Mississippi Alluvial Plain"
"227","Mississippi Alluvial Plain"
"228","Mississippi Alluvial Plain"
"229","Mississippi Alluvial Plain"
"230","Mississippi Alluvial Plain"
"231","Mississippi Alluvial Plain"
"232","Mississippi Alluvial Plain"
"233","Mississippi Alluvial Plain"
"234","Mississippi Alluvial Plain"
"235","Mississippi Alluvial Plain"
"236","Mississippi Alluvial Plain"
"237","Mississippi Alluvial Plain"
"238","Mississippi Alluvial Plain"
"239","Mississippi Alluvial Plain"
"240","Mississippi Alluvial Plain"
"241","Mississippi Alluvial Plain"
"242","Mississippi Alluvial Plain"
"243","Mississippi Alluvial Plain"
"244","Mississippi Alluvial Plain"
"245","Mississippi Alluvial Plain"
"246","Mississippi Alluvial Plain"
"247","Mississippi Alluvial Plain"
"248","Mississippi Alluvial Plain"
"249","Mississippi Alluvial Plain"
"250","Mississippi Alluvial Plain"
"251","Mississippi Alluvial Plain"
"252","Mississippi Alluvial Plain"
"253","Southern Coastal Plain"
"254","Mississippi Alluvial Plain"
"255","Mississippi Alluvial Plain"
"256","Mississippi Alluvial Plain"
"257","Southern Coastal Plain"
"258","Mississippi Alluvial Plain"
"259","Mississippi Alluvial Plain"
"260","Mississippi Alluvial Plain"
"261","Mississippi Alluvial Plain"
"262","Mississippi Alluvial Plain"
"263","Mississippi Alluvial Plain"
"264","Mississippi Alluvial Plain"
"265","Mississippi Alluvial Plain"
"266","Mississippi Alluvial Plain"
"267","Mississippi Alluvial Plain"
"268","Southern Coastal Plain"
"269","Mississippi Alluvial Plain"
"270","Mississippi Alluvial Plain"
"271","Western Gulf Coastal Plain"
"272","Western Gulf Coastal Plain"
"273","Western Gulf Coastal Plain"
"274","Western Gulf Coastal Plain"
"275","Western Gulf Coastal Plain"
"276","Western Gulf Coastal Plain"
"277","Western Gulf Coastal Plain"
"278","Western Gulf Coastal Plain"
"279","Western Gulf Coastal Plain"
"280","Western Gulf Coastal Plain"
"281","Western Gulf Coastal Plain"
"282","Western Gulf Coastal Plain"
"283","Western Gulf Coastal Plain"
"284","Western Gulf Coastal Plain"
"285","Western Gulf Coastal Plain"
"286","Western Gulf Coastal Plain"
"287","Western Gulf Coastal Plain"
"288","Western Gulf Coastal Plain"
"289","Western Gulf Coastal Plain"
"290","Western Gulf Coastal Plain"
"291","Western Gulf Coastal Plain"
"292","Western Gulf Coastal Plain"
"293","Western Gulf Coastal Plain"
"294","Western Gulf Coastal Plain"
"295","Western Gulf Coastal Plain"
"296","Western Gulf Coastal Plain"
"297","Western Gulf Coastal Plain"
"298","Western Gulf Coastal Plain"
"299","Western Gulf Coastal Plain"
"300","Western Gulf Coastal Plain"
"301","Western Gulf Coastal Plain"
"302","Western Gulf Coastal Plain"
"303","Western Gulf Coastal Plain"
"304","Western Gulf Coastal Plain"
"305","Mississippi Alluvial Plain"
"306","Mississippi Alluvial Plain"
"307","Mississippi Alluvial Plain"
"308","Mississippi Alluvial Plain"
"309","Southern Coastal Plain"
"310","Southern Coastal Plain"
"311","Southern Coastal Plain"
"312","Southern Coastal Plain"
"313","Southern Coastal Plain"
"314","Southern Coastal Plain"
"315","Southern Coastal Plain"
"316","Southern Coastal Plain"
"317","Southern Coastal Plain"
"318","Southern Coastal Plain"
"319","Southern Coastal Plain"
"320","Southern Coastal Plain"
"321","Southern Coastal Plain"
"322","Southern Coastal Plain"
"323","Southern Coastal Plain"
"324","Southern Coastal Plain"
"325","Southern Coastal Plain"
"326","Southern Coastal Plain"
"327","Southern Coastal Plain"
"328","Western Gulf Coastal Plain"
"329","Western Gulf Coastal Plain"
"330","Western Gulf Coastal Plain"
"331","Western Gulf Coastal Plain"
"332","Western Gulf Coastal Plain"
"333","Western Gulf Coastal Plain"
"334","Western Gulf Coastal Plain"
"335","Western Gulf Coastal Plain"
"336","Western Gulf Coastal Plain"
"337","Mississippi Alluvial Plain"
"338","Mississippi Alluvial Plain"
"339","Mississippi Alluvial Plain"
"340","Mississippi Alluvial Plain"
"341","Mississippi Alluvial Plain"
"342","Mississippi Alluvial Plain"
"343","Southern Coastal Plain"
"344","Southern Coastal Plain"
"345","Mississippi Alluvial Plain"
"346","Southern Coastal Plain"
"347","Mississippi Alluvial Plain"
"348","Southern Coastal Plain"
"349","Mississippi Alluvial Plain"
"350","Mississippi Alluvial Plain"
"351","Mississippi Alluvial Plain"
"352","Southern Coastal Plain"
"353","Mississippi Alluvial Plain"
"354","Southern Coastal Plain"
"355","Mississippi Alluvial Plain"
"356","Southern Coastal Plain"
"357","Mississippi Alluvial Plain"
"358","Southern Coastal Plain"
"359","Mississippi Alluvial Plain"
"360","Southern Coastal Plain"
"361","Mississippi Alluvial Plain"
"362","Southern Coastal Plain"
"363","Western Gulf Coastal Plain"
"364","Western Gulf Coastal Plain"
"365","Southern Coastal Plain"
"366","Southern Coastal Plain"
"367","Western Gulf Coastal Plain"
"368","Southern Coastal Plain"
"369","Southern Coastal Plain"
"370","Western Gulf Coastal Plain"
"371","Western Gulf Coastal Plain"
"372","Southern Coastal Plain"
"373","Southern Coastal Plain"
"374","Southern Coastal Plain"
"375","Southern Coastal Plain"
"376","Southern Coastal Plain"
"377","Southeastern Plains"
"378","Middle Atlantic Coastal Plain"
"379","Middle Atlantic Coastal Plain"
"380","Middle Atlantic Coastal Plain"
"381","Middle Atlantic Coastal Plain"
"382","Middle Atlantic Coastal Plain"
"383","Middle Atlantic Coastal Plain"
"384","Southeastern Plains"
"385","Middle Atlantic Coastal Plain"
"386","Southeastern Plains"
"387","Middle Atlantic Coastal Plain"
"388","Middle Atlantic Coastal Plain"
"389","Middle Atlantic Coastal Plain"
"390","Middle Atlantic Coastal Plain"
"391","Middle Atlantic Coastal Plain"
"392","Middle Atlantic Coastal Plain"
"393","Middle Atlantic Coastal Plain"
"394","Middle Atlantic Coastal Plain"
"395","Middle Atlantic Coastal Plain"
"396","Middle Atlantic Coastal Plain"
"397","Middle Atlantic Coastal Plain"
"398","Middle Atlantic Coastal Plain"
"399","Middle Atlantic Coastal Plain"
"400","Middle Atlantic Coastal Plain"
"401","Middle Atlantic Coastal Plain"
"402","Middle Atlantic Coastal Plain"
"403","Middle Atlantic Coastal Plain"
"404","Middle Atlantic Coastal Plain"
"405","Middle Atlantic Coastal Plain"
"406","Middle Atlantic Coastal Plain"
"407","Middle Atlantic Coastal Plain"
"408","Southeastern Plains"
"409","Middle Atlantic Coastal Plain"
"410","Middle Atlantic Coastal Plain"
"411","Middle Atlantic Coastal Plain"
"412","Middle Atlantic Coastal Plain"
"413","Middle Atlantic Coastal Plain"
"414","Middle Atlantic Coastal Plain"
"415","Southeastern Plains"
"416","Middle Atlantic Coastal Plain"
"417","Middle Atlantic Coastal Plain"
"418","Middle Atlantic Coastal Plain"
"419","Middle Atlantic Coastal Plain"
"420","Middle Atlantic Coastal Plain"
"421","Middle Atlantic Coastal Plain"
"422","Middle Atlantic Coastal Plain"
"423","Middle Atlantic Coastal Plain"
"424","Middle Atlantic Coastal Plain"
"425","Middle Atlantic Coastal Plain"
"426","Middle Atlantic Coastal Plain"
"427","Middle Atlantic Coastal Plain"
"428","Middle Atlantic Coastal Plain"
"429","Middle Atlantic Coastal Plain"
"430","Middle Atlantic Coastal Plain"
"431","Middle Atlantic Coastal Plain"
"432","Middle Atlantic Coastal Plain"
"433","Middle Atlantic Coastal Plain"
"434","Middle Atlantic Coastal Plain"
"435","Northeastern Coastal Zone"
"436","Northeastern Coastal Zone"
"437","Northeastern Coastal Zone"
"438","Northeastern Coastal Zone"
"439","Northeastern Coastal Zone"
"440","Northeastern Coastal Zone"
"441","Northeastern Coastal Zone"
"442","Atlantic Coastal Pine Barrens"
"443","Northeastern Coastal Zone"
"444","Northeastern Coastal Zone"
"445","Northeastern Coastal Zone"
"446","Northeastern Coastal Zone"
"447","Northeastern Coastal Zone"
"448","Northeastern Coastal Zone"
"449","Northeastern Coastal Zone"
"450","Northeastern Coastal Zone"
"451","Northeastern Coastal Zone"
"452","Atlantic Coastal Pine Barrens"
"453","Atlantic Coastal Pine Barrens"
"454","Northeastern Coastal Zone"
"455","Northeastern Coastal Zone"
"456","Northeastern Coastal Zone"
"457","Northeastern Coastal Zone"
"458","Northeastern Coastal Zone"
"459","Northeastern Coastal Zone"
"460","Northeastern Coastal Zone"
"461","Northeastern Coastal Zone"
"462","Northeastern Coastal Zone"
"463","Northeastern Coastal Zone"
"464","Northeastern Highlands"
"465","Atlantic Coastal Pine Barrens"
"466","Northern Piedmont"
"467","Atlantic Coastal Pine Barrens"
"468","Northern Piedmont"
"469","Atlantic Coastal Pine Barrens"
"470","Atlantic Coastal Pine Barrens"
"471","Northeastern Coastal Zone"
"472","Atlantic Coastal Pine Barrens"
"473","Atlantic Coastal Pine Barrens"
"474","Atlantic Coastal Pine Barrens"
"475","Northern Piedmont"
"476","Atlantic Coastal Pine Barrens"
"477","Atlantic Coastal Pine Barrens"
"478","Atlantic Coastal Pine Barrens"
"479","Atlantic Coastal Pine Barrens"
"480","Atlantic Coastal Pine Barrens"
"481","Atlantic Coastal Pine Barrens"
"482","Atlantic Coastal Pine Barrens"
"483","Atlantic Coastal Pine Barrens"
"484","Atlantic Coastal Pine Barrens"
"485","Atlantic Coastal Pine Barrens"
"486","Middle Atlantic Coastal Plain"
"487","Atlantic Coastal Pine Barrens"
"488","Middle Atlantic Coastal Plain"
"489","Atlantic Coastal Pine Barrens"
"490","Atlantic Coastal Pine Barrens"
"491","Middle Atlantic Coastal Plain"
"492","Atlantic Coastal Pine Barrens"
"493","Atlantic Coastal Pine Barrens"
"494","Northeastern Coastal Zone"
"495","Atlantic Coastal Pine Barrens"
"496","Middle Atlantic Coastal Plain"
"497","Atlantic Coastal Pine Barrens"
"498","Middle Atlantic Coastal Plain"
"499","Middle Atlantic Coastal Plain"
"500","Northeastern Coastal Zone"
"501","Atlantic Coastal Pine Barrens"
"502","Middle Atlantic Coastal Plain"
"503","Middle Atlantic Coastal Plain"
"504","Southern Florida Coastal Plain"
"505","Southern Coastal Plain"
"506","Southern Coastal Plain"
"507","Southern Coastal Plain"
"508","Southern Coastal Plain"
"509","Southern Coastal Plain"
"510","Southern Florida Coastal Plain"
"511","Southern Florida Coastal Plain"
"512","Southern Coastal Plain"
"513","Southern Coastal Plain"
"514","Southern Coastal Plain"
"515","Southern Coastal Plain"
"516","Southern Coastal Plain"
"517","Southern Coastal Plain"
"518","Southern Coastal Plain"
"519","Southern Florida Coastal Plain"
"520","Southern Coastal Plain"
"521","Southern Florida Coastal Plain"
"522","Acadian Plains and Hills"
"523","Acadian Plains and Hills"
"524","Acadian Plains and Hills"
"525","Southern California/Northern Baja Coast"
"526","Southern California/Northern Baja Coast"
"527","Southern California/Northern Baja Coast"
"528","Southern California/Northern Baja Coast"
"529","Southern California/Northern Baja Coast"
"530","Coast Range"
"531","Coast Range"
"532","Coast Range"
"533","Puget Lowland"
"534","Puget Lowland"
"535","Puget Lowland"
"536","Puget Lowland"
"537","Puget Lowland"
"538","Coast Range"
"539","Coast Range"
"540","Coast Range"
"541","Coast Range"
"542","Coast Range"
"543","Coast Range"
"544","Coast Range"
"545","Coast Range"
"546","Coast Range"
"547","Coast Range"
"548","Southern Coastal Plain"
"549","Mississippi Alluvial Plain"
"550","Mississippi Alluvial Plain"
"551","Mississippi Alluvial Plain"
"552","Mississippi Alluvial Plain"
"553","Western Gulf Coastal Plain"
"554","Western Gulf Coastal Plain"
"555","Western Gulf Coastal Plain"
"556","Western Gulf Coastal Plain"
"557","Western Gulf Coastal Plain"
"558","Western Gulf Coastal Plain"
"559","Western Gulf Coastal Plain"
"560","Mississippi Alluvial Plain"
"561","Mississippi Alluvial Plain"
"562","Mississippi Alluvial Plain"
"563","Mississippi Alluvial Plain"
"564","Mississippi Alluvial Plain"
"565","Southeastern Plains"
"566","Southern Coastal Plain"
"567","Southern Coastal Plain"
"568","Western Gulf Coastal Plain"
"569","Western Gulf Coastal Plain"
"570","Western Gulf Coastal Plain"
"571","Middle Atlantic Coastal Plain"
"572","Southeastern Plains"
"573","Middle Atlantic Coastal Plain"
"574","Middle Atlantic Coastal Plain"
"575","Middle Atlantic Coastal Plain"
"576","Middle Atlantic Coastal Plain"
"577","Middle Atlantic Coastal Plain"
"578","Northeastern Coastal Zone"
"579","Northeastern Coastal Zone"
"580","Atlantic Coastal Pine Barrens"
"581","Atlantic Coastal Pine Barrens"
"582","Central California Foothills and Coastal Mountains"
"583","Central California Foothills and Coastal Mountains"
"584","Central California Foothills and Coastal Mountains"
"585","Central California Foothills and Coastal Mountains"
"586","Central California Valley"
"587","Central California Valley"
"588","Central California Foothills and Coastal Mountains"
"589","Central California Foothills and Coastal Mountains"
"590","Central California Foothills and Coastal Mountains"
"591","Central California Foothills and Coastal Mountains"
"592","Central California Foothills and Coastal Mountains"
"593","Central California Foothills and Coastal Mountains"
"594","Central California Foothills and Coastal Mountains"
"595","Central California Foothills and Coastal Mountains"
"596","Central California Foothills and Coastal Mountains"
"597","Central California Foothills and Coastal Mountains"
"598","Central California Foothills and Coastal Mountains"
"599","Central California Foothills and Coastal Mountains"
"600","Southern Coastal Plain"
"601","Southern Coastal Plain"
"602","Southern Coastal Plain"
"603","Southern Coastal Plain"
"604","Southern Coastal Plain"
"605","Southern Coastal Plain"
"606","Southern Coastal Plain"
"607","Southern Coastal Plain"
"608","Southern Coastal Plain"
"609","Southern Coastal Plain"
"610","Southern Coastal Plain"
"611","Southern Coastal Plain"
"612","Middle Atlantic Coastal Plain"
"613","Southern Coastal Plain"
"614","Southern Coastal Plain"
"615","Southern Coastal Plain"
"616","Southern Coastal Plain"
"617","Southern Coastal Plain"
"618","Central California Foothills and Coastal Mountains"
"619","Central California Foothills and Coastal Mountains"
"620","Central California Foothills and Coastal Mountains"
"621","Central California Foothills and Coastal Mountains"
"622","Central California Valley"
"623","Central California Valley"
"624","Central California Valley"
"625","Central California Valley"
"626","Acadian Plains and Hills"
"627","Acadian Plains and Hills"
"628","Acadian Plains and Hills"
"629","Acadian Plains and Hills"
"630","Northeastern Coastal Zone"
"631","Northeastern Coastal Zone"
"632","Northeastern Coastal Zone"
"633","Northeastern Coastal Zone"
"634","Northeastern Coastal Zone"
"635","Northeastern Coastal Zone"
"636","Northeastern Coastal Zone"
"637","Northeastern Coastal Zone"
"638","Acadian Plains and Hills"
"639","Acadian Plains and Hills"
"640","Acadian Plains and Hills"
"641","Acadian Plains and Hills"
"642","Acadian Plains and Hills"
"643","Acadian Plains and Hills"
"644","Acadian Plains and Hills"
"645","Northeastern Coastal Zone"
"646","Acadian Plains and Hills"
"647","Acadian Plains and Hills"
"648","Acadian Plains and Hills"
"649","Acadian Plains and Hills"
"650","Acadian Plains and Hills"
"651","Acadian Plains and Hills"
"652","Southern California/Northern Baja Coast"
"653","Southern California/Northern Baja Coast"
"654","Southern California/Northern Baja Coast"
"655","Southern California/Northern Baja Coast"
"656","Southern California/Northern Baja Coast"
"657","Southern California/Northern Baja Coast"
"658","Central California Foothills and Coastal Mountains"
"659","Southern California/Northern Baja Coast"
"660","Southern California/Northern Baja Coast"
"661","Southern California/Northern Baja Coast"
"662","Central California Foothills and Coastal Mountains"
"663","Southern California/Northern Baja Coast"
"664","Southern California/Northern Baja Coast"
"665","Central California Foothills and Coastal Mountains"
"666","Central California Foothills and Coastal Mountains"
"667","Central California Foothills and Coastal Mountains"
"668","Central California Foothills and Coastal Mountains"
"669","Central California Valley"
"670","Central California Valley"
"671","Central California Valley"
"672","Central California Foothills and Coastal Mountains"
"673","Central California Foothills and Coastal Mountains"
"674","Central California Foothills and Coastal Mountains"
"675","Central California Foothills and Coastal Mountains"
"676","Central California Foothills and Coastal Mountains"
"677","Central California Foothills and Coastal Mountains"
"678","Middle Atlantic Coastal Plain"
"679","Middle Atlantic Coastal Plain"
"680","Middle Atlantic Coastal Plain"
"681","Middle Atlantic Coastal Plain"
"682","Middle Atlantic Coastal Plain"
"683","Middle Atlantic Coastal Plain"
"684","Middle Atlantic Coastal Plain"
"685","Middle Atlantic Coastal Plain"
"686","Middle Atlantic Coastal Plain"
"687","Middle Atlantic Coastal Plain"
"688","Middle Atlantic Coastal Plain"
"689","Middle Atlantic Coastal Plain"
"690","Middle Atlantic Coastal Plain"
"691","Middle Atlantic Coastal Plain"
"692","Middle Atlantic Coastal Plain"
"693","Middle Atlantic Coastal Plain"
"694","Middle Atlantic Coastal Plain"
"695","Middle Atlantic Coastal Plain"
"696","Middle Atlantic Coastal Plain"
"697","Middle Atlantic Coastal Plain"
"698","Middle Atlantic Coastal Plain"
"699","Middle Atlantic Coastal Plain"
"700","Middle Atlantic Coastal Plain"
"701","Middle Atlantic Coastal Plain"
"702","Middle Atlantic Coastal Plain"
"703","Middle Atlantic Coastal Plain"
"704","Middle Atlantic Coastal Plain"
"705","Middle Atlantic Coastal Plain"
"706","Middle Atlantic Coastal Plain"
"707","Middle Atlantic Coastal Plain"
"708","Middle Atlantic Coastal Plain"
"709","Middle Atlantic Coastal Plain"
"710","Southern Coastal Plain"
"711","Southern Coastal Plain"
"712","Southern Coastal Plain"
"713","Southern Coastal Plain"
"714","Middle Atlantic Coastal Plain"
"715","Middle Atlantic Coastal Plain"
"716","Southern Coastal Plain"
"717","Southern Coastal Plain"
"718","Southern Coastal Plain"
"719","Southern Coastal Plain"
"720","Southern Coastal Plain"
"721","Southern Coastal Plain"
"722","Southern Coastal Plain"
"723","Southern Coastal Plain"
"724","Southern Coastal Plain"
"725","Southern Coastal Plain"
"726","Southern Coastal Plain"
"727","Southern Coastal Plain"
"728","Southern Coastal Plain"
"729","Southern Coastal Plain"
"730","Southern Coastal Plain"
"731","Southern Coastal Plain"
"732","Southern Coastal Plain"
"733","Coast Range"
"734","Coast Range"
"735","Coast Range"
"736","Coast Range"
"737","Coast Range"
"738","Coast Range"
"739","Coast Range"
"740","Coast Range"
"741","Coast Range"
"742","Coast Range"
"743","Coast Range"
"744","Coast Range"
"745","Coast Range"
"746","Coast Range"
"747","Coast Range"
"748","Coast Range"
"749","Coast Range"
"750","Coast Range"
"751","Central California Foothills and Coastal Mountains"
"752","Coast Range"
"753","Coast Range"
"754","Coast Range"
"755","Puget Lowland"
"756","Puget Lowland"
"757","Puget Lowland"
"758","Puget Lowland"
"759","Coast Range"
"760","Puget Lowland"
"761","Puget Lowland"
"762","Puget Lowland"
"763","Puget Lowland"
"764","Puget Lowland"
"765","Coast Range"
"766","Puget Lowland"
"767","Southern Coastal Plain"
"768","Southern Coastal Plain"
"769","Southern Coastal Plain"
"770","Southern Coastal Plain"
"771","Southern Coastal Plain"
"772","Southern Coastal Plain"
"773","Mississippi Alluvial Plain"
"774","Mississippi Alluvial Plain"
"775","Mississippi Alluvial Plain"
"776","Mississippi Alluvial Plain"
"777","Mississippi Alluvial Plain"
"778","Mississippi Alluvial Plain"
"779","Mississippi Alluvial Plain"
"780","Mississippi Alluvial Plain"
"781","Mississippi Alluvial Plain"
"782","Mississippi Alluvial Plain"
"783","Mississippi Alluvial Plain"
"784","Mississippi Alluvial Plain"
"785","Mississippi Alluvial Plain"
"786","Mississippi Alluvial Plain"
"787","Mississippi Alluvial Plain"
"788","Mississippi Alluvial Plain"
"789","Mississippi Alluvial Plain"
"790","Mississippi Alluvial Plain"
"791","Mississippi Alluvial Plain"
"792","Mississippi Alluvial Plain"
"793","Mississippi Alluvial Plain"
"794","Mississippi Alluvial Plain"
"795","Mississippi Alluvial Plain"
"796","Mississippi Alluvial Plain"
"797","Mississippi Alluvial Plain"
"798","Southern Coastal Plain"
"799","Western Gulf Coastal Plain"
"800","Western Gulf Coastal Plain"
"801","Western Gulf Coastal Plain"
"802","Western Gulf Coastal Plain"
"803","Western Gulf Coastal Plain"
"804","Western Gulf Coastal Plain"
"805","Western Gulf Coastal Plain"
"806","Western Gulf Coastal Plain"
"807","Western Gulf Coastal Plain"
"808","Western Gulf Coastal Plain"
"809","Western Gulf Coastal Plain"
"810","Western Gulf Coastal Plain"
"811","Western Gulf Coastal Plain"
"812","Western Gulf Coastal Plain"
"813","Western Gulf Coastal Plain"
"814","Western Gulf Coastal Plain"
"815","Western Gulf Coastal Plain"
"816","Western Gulf Coastal Plain"
"817","Western Gulf Coastal Plain"
"818","Western Gulf Coastal Plain"
"819","Mississippi Alluvial Plain"
"820","Mississippi Alluvial Plain"
"821","Mississippi Alluvial Plain"
"822","Mississippi Alluvial Plain"
"823","Mississippi Alluvial Plain"
"824","Mississippi Alluvial Plain"
"825","Southern Coastal Plain"
"826","Southern Coastal Plain"
"827","Southern Coastal Plain"
"828","Southern Coastal Plain"
"829","Southern Coastal Plain"
"830","Southern Coastal Plain"
"831","Southern Coastal Plain"
"832","Western Gulf Coastal Plain"
"833","Southern Coastal Plain"
"834","Southern Coastal Plain"
"835","Southern Coastal Plain"
"836","Southern Coastal Plain"
"837","Western Gulf Coastal Plain"
"838","Southern Coastal Plain"
"839","Southern Coastal Plain"
"840","Western Gulf Coastal Plain"
"841","Southern Coastal Plain"
"842","Southern Coastal Plain"
"843","Southern Coastal Plain"
"844","Southern Coastal Plain"
"845","Western Gulf Coastal Plain"
"846","Western Gulf Coastal Plain"
"847","Western Gulf Coastal Plain"
"848","Western Gulf Coastal Plain"
"849","Western Gulf Coastal Plain"
"850","Mississippi Alluvial Plain"
"851","Mississippi Alluvial Plain"
"852","Mississippi Alluvial Plain"
"853","Mississippi Alluvial Plain"
"854","Southern Coastal Plain"
"855","Southern Coastal Plain"
"856","Mississippi Alluvial Plain"
"857","Southern Coastal Plain"
"858","Mississippi Alluvial Plain"
"859","Southern Coastal Plain"
"860","Mississippi Alluvial Plain"
"861","Mississippi Alluvial Plain"
"862","Mississippi Alluvial Plain"
"863","Southeastern Plains"
"864","Middle Atlantic Coastal Plain"
"865","Middle Atlantic Coastal Plain"
"866","Middle Atlantic Coastal Plain"
"867","Middle Atlantic Coastal Plain"
"868","Middle Atlantic Coastal Plain"
"869","Southeastern Plains"
"870","Middle Atlantic Coastal Plain"
"871","Southeastern Plains"
"872","Middle Atlantic Coastal Plain"
"873","Southeastern Plains"
"874","Middle Atlantic Coastal Plain"
"875","Middle Atlantic Coastal Plain"
"876","Middle Atlantic Coastal Plain"
"877","Middle Atlantic Coastal Plain"
"878","Middle Atlantic Coastal Plain"
"879","Middle Atlantic Coastal Plain"
"880","Middle Atlantic Coastal Plain"
"881","Southeastern Plains"
"882","Middle Atlantic Coastal Plain"
"883","Middle Atlantic Coastal Plain"
"884","Middle Atlantic Coastal Plain"
"885","Middle Atlantic Coastal Plain"
"886","Middle Atlantic Coastal Plain"
"887","Middle Atlantic Coastal Plain"
"888","Middle Atlantic Coastal Plain"
"889","Middle Atlantic Coastal Plain"
"890","Middle Atlantic Coastal Plain"
"891","Middle Atlantic Coastal Plain"
"892","Middle Atlantic Coastal Plain"
"893","Middle Atlantic Coastal Plain"
"894","Northeastern Coastal Zone"
"895","Northeastern Coastal Zone"
"896","Northeastern Coastal Zone"
"897","Northeastern Coastal Zone"
"898","Northeastern Coastal Zone"
"899","Northeastern Coastal Zone"
"900","Northeastern Coastal Zone"
"901","Northeastern Coastal Zone"
"902","Northeastern Coastal Zone"
"903","Northeastern Coastal Zone"
"904","Northeastern Coastal Zone"
"905","Northeastern Coastal Zone"
"906","Northeastern Coastal Zone"
"907","Northeastern Coastal Zone"
"908","Northeastern Coastal Zone"
"909","Middle Atlantic Coastal Plain"
"910","Atlantic Coastal Pine Barrens"
"911","Middle Atlantic Coastal Plain"
"912","Atlantic Coastal Pine Barrens"
"913","Atlantic Coastal Pine Barrens"
"914","Middle Atlantic Coastal Plain"
"915","Northeastern Highlands"
"916","Atlantic Coastal Pine Barrens"
"917","Northeastern Coastal Zone"
"918","Atlantic Coastal Pine Barrens"
"919","Atlantic Coastal Pine Barrens"
"920","Northeastern Coastal Zone"
"921","Northeastern Coastal Zone"
"922","Atlantic Coastal Pine Barrens"
"923","Atlantic Coastal Pine Barrens"
"924","Middle Atlantic Coastal Plain"
"925","Atlantic Coastal Pine Barrens"
"926","Atlantic Coastal Pine Barrens"
"927","Atlantic Coastal Pine Barrens"
"928","Atlantic Coastal Pine Barrens"
"929","Atlantic Coastal Pine Barrens"
"930","Atlantic Coastal Pine Barrens"
"931","Atlantic Coastal Pine Barrens"
"932","Southern Florida Coastal Plain"
"933","Southern Florida Coastal Plain"
"934","Southern Florida Coastal Plain"
"935","Southern Florida Coastal Plain"
"936","Southern Florida Coastal Plain"
"937","Southern Coastal Plain"
"938","Southern Coastal Plain"
"939","Southern Coastal Plain"
"940","Southern Coastal Plain"
"941","Southern Florida Coastal Plain"
"942","Southern Florida Coastal Plain"
"943","Southern Florida Coastal Plain"
"944","Southern Florida Coastal Plain"
"945","Southern Coastal Plain"
"946","Southern Florida Coastal Plain"
"947","Southern Florida Coastal Plain"
"948","Southern Florida Coastal Plain"
"949","Southern Coastal Plain"
"950","Southern Coastal Plain"
"951","Southern Coastal Plain"
"952","Southern Coastal Plain"
"953","Acadian Plains and Hills"
"954","Acadian Plains and Hills"
"955","Acadian Plains and Hills"
"956","Acadian Plains and Hills"
"957","Northeastern Coastal Zone"
"958","Acadian Plains and Hills"
"959","Northeastern Coastal Zone"
"960","Acadian Plains and Hills"
"961","Acadian Plains and Hills"
"962","Acadian Plains and Hills"
"963","Acadian Plains and Hills"
"964","Acadian Plains and Hills"
"965","Acadian Plains and Hills"
"966","Acadian Plains and Hills"
"967","Acadian Plains and Hills"
"968","Acadian Plains and Hills"
"969","Acadian Plains and Hills"
"970","Acadian Plains and Hills"
"971","Acadian Plains and Hills"
"972","Acadian Plains and Hills"
"973","Northeastern Coastal Zone"
"974","Northeastern Coastal Zone"
"975","Northeastern Coastal Zone"
"976","Northeastern Coastal Zone"
"977","Northeastern Coastal Zone"
"978","Northeastern Coastal Zone"
"979","Northeastern Coastal Zone"
"980","Northeastern Coastal Zone"
"981","Northeastern Coastal Zone"
"982","Northeastern Coastal Zone"
"983","Northeastern Coastal Zone"
"984","Northeastern Coastal Zone"
"985","Northeastern Coastal Zone"
"986","Northeastern Coastal Zone"
"987","Atlantic Coastal Pine Barrens"
"988","Northeastern Coastal Zone"
"989","Atlantic Coastal Pine Barrens"
"990","Atlantic Coastal Pine Barrens"
"991","Northeastern Coastal Zone"
"992","Northeastern Coastal Zone"
"993","Northeastern Coastal Zone"
"994","Northeastern Coastal Zone"
"995","Northeastern Coastal Zone"
"996","Northeastern Highlands"
"997","Northern Piedmont"
"998","Atlantic Coastal Pine Barrens"
"999","Atlantic Coastal Pine Barrens"
"1000","Atlantic Coastal Pine Barrens"
"1001","Atlantic Coastal Pine Barrens"
"1002","Atlantic Coastal Pine Barrens"
"1003","Atlantic Coastal Pine Barrens"
"1004","Atlantic Coastal Pine Barrens"
"1005","Atlantic Coastal Pine Barrens"
"1006","Atlantic Coastal Pine Barrens"
"1007","Atlantic Coastal Pine Barrens"
"1008","Atlantic Coastal Pine Barrens"
"1009","Atlantic Coastal Pine Barrens"
"1010","Atlantic Coastal Pine Barrens"
"1011","Atlantic Coastal Pine Barrens"
"1012","Atlantic Coastal Pine Barrens"
"1013","Atlantic Coastal Pine Barrens"
"1014","Atlantic Coastal Pine Barrens"
"1015","Atlantic Coastal Pine Barrens"
"1016","Atlantic Coastal Pine Barrens"
"1017","Middle Atlantic Coastal Plain"
"1018","Middle Atlantic Coastal Plain"
"1019","Middle Atlantic Coastal Plain"
"1020","Middle Atlantic Coastal Plain"
"1021","Middle Atlantic Coastal Plain"
"1022","Middle Atlantic Coastal Plain"
"1023","Middle Atlantic Coastal Plain"
"1024","Atlantic Coastal Pine Barrens"
"1025","Middle Atlantic Coastal Plain"
"1026","Middle Atlantic Coastal Plain"
"1027","Southeastern Plains"
"1028","Southeastern Plains"
"1029","Middle Atlantic Coastal Plain"
"1030","Southeastern Plains"
"1031","Middle Atlantic Coastal Plain"
"1032","Southeastern Plains"
"1033","Middle Atlantic Coastal Plain"
"1034","Middle Atlantic Coastal Plain"
"1035","Middle Atlantic Coastal Plain"
"1036","Southeastern Plains"
"1037","Middle Atlantic Coastal Plain"
"1038","Middle Atlantic Coastal Plain"
"1039","Middle Atlantic Coastal Plain"
"1040","Middle Atlantic Coastal Plain"
"1041","Middle Atlantic Coastal Plain"
"1042","Middle Atlantic Coastal Plain"
"1043","Middle Atlantic Coastal Plain"
"1044","Middle Atlantic Coastal Plain"
"1045","Middle Atlantic Coastal Plain"
"1046","Southeastern Plains"
"1047","Middle Atlantic Coastal Plain"
"1048","Middle Atlantic Coastal Plain"
"1049","Middle Atlantic Coastal Plain"
"1050","Middle Atlantic Coastal Plain"
"1051","Middle Atlantic Coastal Plain"
"1052","Middle Atlantic Coastal Plain"
"1053","Middle Atlantic Coastal Plain"
"1054","Middle Atlantic Coastal Plain"
"1055","Middle Atlantic Coastal Plain"
"1056","Middle Atlantic Coastal Plain"
"1057","Middle Atlantic Coastal Plain"
"1058","Middle Atlantic Coastal Plain"
"1059","Middle Atlantic Coastal Plain"
"1060","Middle Atlantic Coastal Plain"
"1061","Middle Atlantic Coastal Plain"
"1062","Middle Atlantic Coastal Plain"
"1063","Middle Atlantic Coastal Plain"
"1064","Middle Atlantic Coastal Plain"
"1065","Middle Atlantic Coastal Plain"
"1066","Middle Atlantic Coastal Plain"
"1067","Middle Atlantic Coastal Plain"
"1068","Middle Atlantic Coastal Plain"
"1069","Middle Atlantic Coastal Plain"
"1070","Middle Atlantic Coastal Plain"
"1071","Middle Atlantic Coastal Plain"
"1072","Middle Atlantic Coastal Plain"
"1073","Middle Atlantic Coastal Plain"
"1074","Middle Atlantic Coastal Plain"
"1075","Middle Atlantic Coastal Plain"
"1076","Middle Atlantic Coastal Plain"
"1077","Middle Atlantic Coastal Plain"
"1078","Middle Atlantic Coastal Plain"
"1079","Middle Atlantic Coastal Plain"
"1080","Middle Atlantic Coastal Plain"
"1081","Middle Atlantic Coastal Plain"
"1082","Middle Atlantic Coastal Plain"
"1083","Middle Atlantic Coastal Plain"
"1084","Middle Atlantic Coastal Plain"
"1085","Middle Atlantic Coastal Plain"
"1086","Southern Coastal Plain"
"1087","Southern Coastal Plain"
"1088","Southern Coastal Plain"
"1089","Southern Coastal Plain"
"1090","Southern Coastal Plain"
"1091","Southern Coastal Plain"
"1092","Southern Coastal Plain"
"1093","Southern Coastal Plain"
"1094","Southern Coastal Plain"
"1095","Southern Coastal Plain"
"1096","Southern Coastal Plain"
"1097","Southern Coastal Plain"
"1098","Southern Florida Coastal Plain"
"1099","Southern Florida Coastal Plain"
"1100","Southern Florida Coastal Plain"
"1101","Southern Florida Coastal Plain"
"1102","Southern Coastal Plain"
"1103","Southern Coastal Plain"
"1104","Southern Coastal Plain"
"1105","Southern Coastal Plain"
"1106","Southern Florida Coastal Plain"
"1107","Southern Florida Coastal Plain"
"1108","Southern Florida Coastal Plain"
"1109","Southern Florida Coastal Plain"
"1110","Southern Florida Coastal Plain"
"1111","Southern Florida Coastal Plain"
"1112","Southern Florida Coastal Plain"
"1113","Southern Florida Coastal Plain"
"1114","Southern Florida Coastal Plain"
"1115","Southern Coastal Plain"
"1116","Southern Coastal Plain"
"1117","Southern Coastal Plain"
"1118","Southern Coastal Plain"
"1119","Southern Coastal Plain"
"1120","Southern Coastal Plain"
"1121","Southern Coastal Plain"
"1122","Southern Coastal Plain"
"1123","Southern Coastal Plain"
"1124","Southern Coastal Plain"
"1125","Southern Coastal Plain"
"1126","Southern Coastal Plain"
"1127","Southern Coastal Plain"
"1128","Southern Coastal Plain"
"1129","Southern Coastal Plain"
"1130","Southern Coastal Plain"
"1131","Southern Coastal Plain"
"1132","Southern Coastal Plain"
"1133","Southern Coastal Plain"
"1134","Southern Coastal Plain"
"1135","Southern Coastal Plain"
"1136","Southern Coastal Plain"
"1137","Southern Coastal Plain"
"1138","Southern Coastal Plain"
"1139","Southern Coastal Plain"
"1140","Southern Coastal Plain"
"1141","Southern Coastal Plain"
"1142","Southern Coastal Plain"
"1143","Southern Coastal Plain"
"1144","Southern Coastal Plain"
"1145","Southern Coastal Plain"
"1146","Southern Coastal Plain"
"1147","Mississippi Alluvial Plain"
"1148","Mississippi Alluvial Plain"
"1149","Mississippi Alluvial Plain"
"1150","Mississippi Alluvial Plain"
"1151","Mississippi Alluvial Plain"
"1152","Southern Coastal Plain"
"1153","Mississippi Alluvial Plain"
"1154","Mississippi Alluvial Plain"
"1155","Southern Coastal Plain"
"1156","Mississippi Alluvial Plain"
"1157","Mississippi Alluvial Plain"
"1158","Mississippi Alluvial Plain"
"1159","Mississippi Alluvial Plain"
"1160","Western Gulf Coastal Plain"
"1161","Mississippi Alluvial Plain"
"1162","Mississippi Alluvial Plain"
"1163","Mississippi Alluvial Plain"
"1164","Mississippi Alluvial Plain"
"1165","Mississippi Alluvial Plain"
"1166","Mississippi Alluvial Plain"
"1167","Mississippi Alluvial Plain"
"1168","Mississippi Alluvial Plain"
"1169","Mississippi Alluvial Plain"
"1170","Mississippi Alluvial Plain"
"1171","Mississippi Alluvial Plain"
"1172","Mississippi Alluvial Plain"
"1173","Mississippi Alluvial Plain"
"1174","Southern Coastal Plain"
"1175","Mississippi Alluvial Plain"
"1176","Mississippi Alluvial Plain"
"1177","Mississippi Alluvial Plain"
"1178","Southern Coastal Plain"
"1179","Mississippi Alluvial Plain"
"1180","Mississippi Alluvial Plain"
"1181","Mississippi Alluvial Plain"
"1182","Mississippi Alluvial Plain"
"1183","Mississippi Alluvial Plain"
"1184","Mississippi Alluvial Plain"
"1185","Mississippi Alluvial Plain"
"1186","Mississippi Alluvial Plain"
"1187","Mississippi Alluvial Plain"
"1188","Western Gulf Coastal Plain"
"1189","Western Gulf Coastal Plain"
"1190","Western Gulf Coastal Plain"
"1191","Western Gulf Coastal Plain"
"1192","Western Gulf Coastal Plain"
"1193","Western Gulf Coastal Plain"
"1194","Western Gulf Coastal Plain"
"1195","Western Gulf Coastal Plain"
"1196","Western Gulf Coastal Plain"
"1197","Western Gulf Coastal Plain"
"1198","Western Gulf Coastal Plain"
"1199","Western Gulf Coastal Plain"
"1200","Western Gulf Coastal Plain"
"1201","Western Gulf Coastal Plain"
"1202","Western Gulf Coastal Plain"
"1203","Western Gulf Coastal Plain"
"1204","Western Gulf Coastal Plain"
"1205","Western Gulf Coastal Plain"
"1206","Western Gulf Coastal Plain"
"1207","Western Gulf Coastal Plain"
"1208","Western Gulf Coastal Plain"
"1209","Western Gulf Coastal Plain"
"1210","Western Gulf Coastal Plain"
"1211","Western Gulf Coastal Plain"
"1212","Western Gulf Coastal Plain"
"1213","Western Gulf Coastal Plain"
"1214","Western Gulf Coastal Plain"
"1215","Western Gulf Coastal Plain"
"1216","Western Gulf Coastal Plain"
"1217","Western Gulf Coastal Plain"
"1218","Western Gulf Coastal Plain"
"1219","Western Gulf Coastal Plain"
"1220","Central California Valley"
"1221","Central California Foothills and Coastal Mountains"
"1222","Central California Foothills and Coastal Mountains"
"1223","Central California Foothills and Coastal Mountains"
"1224","Central California Valley"
"1225","Southern California/Northern Baja Coast"
"1226","Southern California/Northern Baja Coast"
"1227","Southern California/Northern Baja Coast"
"1228","Southern California/Northern Baja Coast"
"1229","Southern California/Northern Baja Coast"
"1230","Central California Foothills and Coastal Mountains"
"1231","Southern California/Northern Baja Coast"
"1232","Central California Foothills and Coastal Mountains"
"1233","Southern California/Northern Baja Coast"
"1234","Southern California/Northern Baja Coast"
"1235","Southern California/Northern Baja Coast"
"1236","Central California Foothills and Coastal Mountains"
"1237","Southern California/Northern Baja Coast"
"1238","Coast Range"
"1239","Coast Range"
"1240","Coast Range"
"1241","Coast Range"
"1242","Coast Range"
"1243","Coast Range"
"1244","Coast Range"
"1245","Coast Range"
"1246","Coast Range"
"1247","Coast Range"
"1248","Coast Range"
"1249","Coast Range"
"1250","Coast Range"
"1251","Coast Range"
"1252","Coast Range"
"1253","Coast Range"
"1254","Coast Range"
"1255","Coast Range"
"1256","Coast Range"
"1257","Coast Range"
"1258","Coast Range"
"1259","Coast Range"
"1260","Coast Range"
"1261","Coast Range"
"1262","Puget Lowland"
"1263","Puget Lowland"
"1264","Puget Lowland"
"1265","Puget Lowland"
"1266","Puget Lowland"
"1267","Puget Lowland"
"1268","Coast Range"
"1269","Puget Lowland"
"1270","Puget Lowland"
"1271","Puget Lowland"
"1272","Puget Lowland"
"1273","Puget Lowland"
"1274","Puget Lowland"
"1275","Coast Range"
"1276","Southern Coastal Plain"
"1277","Southern Coastal Plain"
"1278","Southern Coastal Plain"
"1279","Southern Coastal Plain"
"1280","Southern Coastal Plain"
"1281","Southern Coastal Plain"
"1282","Southern Coastal Plain"
"1283","Southern Coastal Plain"
"1284","Middle Atlantic Coastal Plain"
"1285","Southern Coastal Plain"
"1286","Southern Coastal Plain"
"1287","Southern Coastal Plain"
